{"cameraMode":{"drawMode":0,"name":"Shaded","section":"Shading Mode"},"sceneLighting":false,"audioPlay":false,"sceneViewState":{"m_AlwaysRefresh":false,"showFog":true,"showSkybox":false,"showFlares":true,"showImageEffects":true,"showParticleSystems":true,"showVisualEffectGraphs":true,"m_FxEnabled":false},"in2DMode":false,"pivot":{"x":0.19648979604244233,"y":0.3280886709690094,"z":-2.436119556427002},"rotation":{"x":-0.04373548552393913,"y":0.0527082197368145,"z":-0.0023149028420448305,"w":-0.9976646304130554},"size":1.5705671310424805,"orthographic":false}